NAME,EMAIL,GIT-URL,Git-Clone-Status,Build-status,Cppcheck,Valgrind
User1,User1@user.com,Repo link,Error 128,Error in build,0,5
User2,User2@user.com,Repo link,Link field Empty,Error in build,1,6
User3,User3@user.com,Repo link,Success,Success,5,0
User1,tapaswini.mishra@ltts.com,https://github.com/99002505/cal,,,Build success,0,tor
User1,tapaswini.mishra@ltts.com,https://github.com/99002505/cal,,,Build success,0,tor
User2,ayushi.som@ltts.com,https://github.com/99002504/calc,,,Build success,0,tor
User1,tapaswini.mishra@ltts.com,https://github.com/99002505/cal,,,Build success,0,tor
User2,ayushi.som@ltts.com,https://github.com/99002504/calc,,,Build success,0,tor
User3,nadupalli.chandananadupalli@ltts.com,https://github.com/PS-99002475/Linux_Activity,,,Build success,0,tor
